"","factions","short_name","fathername","region_name","totally","accepted","partly_accepted","rejected","redakciyno_accepted","others","no_conclusion"
"1","Батьківщина","Олександр Абдуллін","Рафкатович","",2,0,0,2,0,0,0
"2","Батьківщина","Костянтин Бондарєв","Анатолійович","",247,33,4,209,1,0,0
"3","Батьківщина","Сергій Власенко","Володимирович","",487,64,10,407,5,0,1
"4","Батьківщина","Михайло Волинець","Якович","",29,0,4,24,1,0,0
"5","Батьківщина","Віталій Данілов","Богданович","",2,0,0,2,0,0,0
"6","Батьківщина","Валерій Дубіль","Олександрович","",111,45,10,51,5,0,0
"7","Батьківщина","Вадим Івченко","Євгенович","",552,125,45,352,30,0,0
"8","Батьківщина","Володимир Кабаченко","Вікторович","",149,80,9,55,4,0,1
"9","Батьківщина","Іван Кириленко","Григорович","",252,106,12,68,66,0,0
"10","Батьківщина","Андрій Кожем'якін","Анатолійович","",110,53,12,44,1,0,0
"11","Батьківщина","Іван Крулько","Іванович","",269,49,26,190,4,0,0
"12","Батьківщина","Олексій Кучеренко","Юрійович","",95,3,1,90,1,0,0
"13","Батьківщина","Анжеліка Лабунська","Вікторівна","",235,54,13,163,5,0,0
"14","Батьківщина","Олег Мейдич","Леонідович","Вінницька область",107,56,5,41,5,0,0
"15","Батьківщина","Валентин Наливайченко","Олександрович","",171,25,33,95,18,0,0
"16","Батьківщина","Григорій Немиря","Михайлович","",55,4,1,50,0,0,0
"17","Батьківщина","Андрій Ніколаєнко","Іванович","",242,89,28,120,4,0,0
"18","Батьківщина","Андрій Пузійчук","Вікторович","",476,101,43,305,27,0,0
"19","Батьківщина","Сергій Соболєв","Владиславович","",245,29,12,202,2,0,0
"20","Батьківщина","Сергій Тарута","Олексійович","",309,117,45,129,18,0,0
"21","Батьківщина","Юлія Тимошенко","Володимирівна","",253,19,11,222,1,0,0
"22","Батьківщина","Михайло Цимбалюк","Михайлович","",283,59,29,186,9,0,0
"23","Батьківщина","Альона Шкрум","Іванівна","",373,89,56,212,16,0,0
"24","ГОЛОС","Соломія Бобровська","Анатоліївна","",41,5,10,23,3,0,0
"25","ГОЛОС","Леся Василенко","Володимирівна","",226,40,34,128,24,0,0
"26","ГОЛОС","Галина Васильченко","Іванівна","Львівська область",362,90,41,207,24,0,0
"27","ГОЛОС","Ярослав Железняк","Іванович","",767,288,91,383,5,0,0
"28","ГОЛОС","Юлія Клименко","Леонідівна","",234,59,18,128,29,0,0
"29","ГОЛОС","Роман Костенко","Васильович","",173,64,25,69,15,0,0
"30","ГОЛОС","Роман Лозинський","Михайлович","",349,73,38,210,28,0,0
"31","ГОЛОС","Олег Макаров","Анатолійович","",241,47,31,149,14,0,0
"32","ГОЛОС","Андрій Осадчук","Петрович","",469,100,40,297,32,0,0
"33","ГОЛОС","Наталія Піпа","Романівна","Львівська область",272,53,29,158,32,0,0
"34","ГОЛОС","Сергій Рахманін","Іванович","",378,122,31,180,45,0,0
"35","ГОЛОС","Кіра Рудик","Олександрівна","",18,7,1,10,0,0,0
"36","ГОЛОС","Ярослав Рущишин","Іванович","Львівська область",92,31,23,35,3,0,0
"37","ГОЛОС","Інна Совсун","Романівна","",197,28,12,126,31,0,0
"38","ГОЛОС","Ольга Стефанишина","Анатоліївна","",190,33,13,115,29,0,0
"39","ГОЛОС","Рустем Умєров","Енверович","",2,0,0,2,0,0,0
"40","ГОЛОС","Олександра Устінова","Юріївна","",280,56,28,163,32,0,1
"41","ГОЛОС","Володимир Цабаль","Володимирович","",197,31,18,119,29,0,0
"42","ГОЛОС","Ярослав Юрчишин","Романович","",278,56,20,169,32,0,1
"43","ДОВІРА","Володимир Арешонков","Юрійович","Житомирська область",1,1,0,0,0,0,0
"44","ДОВІРА","Микола Бабенко","Вікторович","Київська область",25,5,4,16,0,0,0
"45","ДОВІРА","Павло Бакунець","Андрійович","Львівська область",28,1,3,23,1,0,0
"46","ДОВІРА","Лариса Білозір","Миколаївна","Вінницька область",143,38,24,79,2,0,0
"47","ДОВІРА","Геннадій Вацак","Анатолійович","Вінницька область",45,0,3,42,0,0,0
"48","ДОВІРА","Сергій Вельможний","Анатолійович","Луганська область",462,112,44,272,34,0,0
"49","ДОВІРА","Роберт Горват","Іванович","Закарпатська область",346,109,47,187,3,0,0
"50","ДОВІРА","Максим Єфімов","Вікторович","Донецька область",83,29,15,33,6,0,0
"51","ДОВІРА","Андрій Іванчук","Володимирович","Івано-Франківська область",15,6,1,7,1,0,0
"52","ДОВІРА","Андрій Кіт","Богданович","Львівська область",31,0,4,27,0,0,0
"53","ДОВІРА","Олександр Ковальов","Іванович","Донецька область",234,25,5,178,26,0,0
"54","ДОВІРА","Олег Кулініч","Іванович","Полтавська область",1076,394,97,518,67,0,0
"55","ДОВІРА","Микола Кучер","Іванович","Вінницька область",56,13,5,37,1,0,0
"56","ДОВІРА","Валерій Лунченко","Валерійович","Закарпатська область",161,44,11,104,2,0,0
"57","ДОВІРА","Микола Люшняк","Володимирович","Тернопільська область",56,8,4,44,0,0,0
"58","ДОВІРА","Василь Петьовка","Васильович","Закарпатська область",167,50,12,97,8,0,0
"59","ДОВІРА","Владіслав Поляк","Миколайович","Закарпатська область",22,3,7,12,0,0,0
"60","ДОВІРА","Борис Приходько","Вікторович","Чернігівська область",485,155,65,250,15,0,0
"61","ДОВІРА","Олександр Сухов","Сергійович","Луганська область",451,106,43,272,30,0,0
"62","ДОВІРА","Сергій Шахов","Володимирович","Луганська область",486,117,51,288,30,0,0
"63","ЄС","Сергій Алєксєєв","Олегович","",260,46,16,192,5,0,1
"64","ЄС","Володимир Ар'єв","Ігорович","",38,1,1,36,0,0,0
"65","ЄС","Михайло Бондар","Леонтійович","Львівська область",79,21,3,50,5,0,0
"66","ЄС","Володимир В'ятрович","Михайлович","",42,11,3,28,0,0,0
"67","ЄС","Микола Величкович","Романович","",99,20,3,72,4,0,0
"68","ЄС","Артур Герасимов","Володимирович","",44,13,0,27,4,0,0
"69","ЄС","Ірина Геращенко","Володимирівна","",201,41,12,137,11,0,0
"70","ЄС","Олексій Гончаренко","Олексійович","Одеська область",370,58,22,284,5,0,1
"71","ЄС","Михайло Забродський","Віталійович","",302,93,25,167,17,0,0
"72","ЄС","Яна Зінкевич","Вадимівна","",154,15,3,134,1,0,1
"73","ЄС","Марія Іонова","Миколаївна","",156,28,29,92,7,0,0
"74","ЄС","Іванна Климпуш-Цинцадзе","Орестівна","",230,37,23,164,6,0,0
"75","ЄС","Микола Княжицький","Леонідович","Львівська область",372,99,30,233,10,0,0
"76","ЄС","Руслан Князевич","Петрович","",197,56,13,120,8,0,0
"77","ЄС","Степан Кубів","Іванович","",126,12,3,110,1,0,0
"78","ЄС","Андрій Лопушанський","Ярославович","Львівська область",28,8,1,19,0,0,0
"79","ЄС","Ростислав Павленко","Миколайович","",95,20,16,52,7,0,0
"80","ЄС","Андрій Парубій","Володимирович","",1,1,0,0,0,0,0
"81","ЄС","Максим Саврасов","Віталійович","",157,30,20,104,3,0,0
"82","ЄС","Олег Синютка","Михайлович","",93,16,4,73,0,0,0
"83","ЄС","Вікторія Сюмар","Петрівна","",55,16,1,36,1,0,1
"84","ЄС","Софія Федина","Романівна","",92,15,3,70,4,0,0
"85","ЄС","Ірина Фріз","Василівна","",224,42,16,160,6,0,0
"86","ЄС","Ахтем Чийгоз","Зейтуллайович","",26,9,0,17,0,0,0
"87","ЄС","Ніна Южаніна","Петрівна","",776,236,49,472,19,0,0
"88","За майбутнє","Віктор Балога","Іванович","Закарпатська область",10,0,1,9,0,0,0
"89","За майбутнє","Тарас Батенко","Іванович","Львівська область",341,55,29,241,16,0,0
"90","За майбутнє","Віктор Бондар","Васильович","Хмельницька область",155,31,1,119,4,0,0
"91","За майбутнє","Олександр Герега","Володимирович","Хмельницька область",141,53,5,78,1,0,4
"92","За майбутнє","Ігор Гузь","Володимирович","Волинська область",61,9,20,32,0,0,0
"93","За майбутнє","Ярослав Дубневич","Васильович","Львівська область",76,14,8,52,2,0,0
"94","За майбутнє","Степан Івахів","Петрович","Волинська область",20,20,0,0,0,0,0
"95","За майбутнє","Антон Кіссе","Іванович","Одеська область",19,3,1,15,0,0,0
"96","За майбутнє","Ігор Колихаєв","Вікторович","Херсонська область",43,4,8,31,0,0,0
"97","За майбутнє","Ірина Констанкевич","Мирославівна","Волинська область",361,68,46,223,24,0,0
"98","За майбутнє","Сергій Лабазюк","Петрович","Хмельницька область",147,19,5,109,14,0,0
"99","За майбутнє","Дмитро Лубінець","Валерійович","Донецька область",211,42,34,113,22,0,0
"100","За майбутнє","Віктор М'ялик","Ничипорович","Рівненська область",30,3,7,20,0,0,0
"101","За майбутнє","Сергій Мінько","Анатолійович","Запорізька область",273,87,15,140,31,0,0
"102","За майбутнє","Ігор Молоток","Федорович","Сумська область",2,2,0,0,0,0,0
"103","За майбутнє","Ігор Палиця","Петрович","Волинська область",21,5,6,10,0,0,0
"104","За майбутнє","Антон Поляков","Едуардович","Чернігівська область",140,54,9,72,4,0,1
"105","За майбутнє","Сергій Рудик","Ярославович","Черкаська область",14,0,0,14,0,0,0
"106","За майбутнє","Анна Скороход","Костянтинівна","Київська область",183,22,9,150,2,0,0
"107","За майбутнє","Анатолій Урбанський","Ігорович","Одеська область",17,1,1,15,0,0,0
"108","За майбутнє","Іван Чайківський","Адамович","Тернопільська область",36,4,2,29,1,0,0
"109","За майбутнє","Петро Юрчишин","Васильович","Вінницька область",10,0,1,9,0,0,0
"110","За майбутнє","Антон Яценко","Володимирович","Черкаська область",101,8,12,80,1,0,0
"111","ОПЗЖ","Віталій Борт","Петрович","",1,1,0,0,0,0,0
"112","ОПЗЖ","Анатолій Бурміч","Петрович","",216,14,3,199,0,0,0
"113","ОПЗЖ","Олег Волошин","Анатолійович","",510,0,3,507,0,0,0
"114","ОПЗЖ","Валерій Гнатенко","Сергійович","Донецька область",81,0,0,81,0,0,0
"115","ОПЗЖ","Сергій Дунаєв","Володимирович","",1,1,0,0,0,0,0
"116","ОПЗЖ","Юрій Загородній","Іванович","",38,0,0,38,0,0,0
"117","ОПЗЖ","Юлій Іоффе","Якович","",2,1,0,0,1,0,0
"118","ОПЗЖ","Дмитро Ісаєнко","Валерійович","",17,8,3,4,2,0,0
"119","ОПЗЖ","Володимир Кальцев","Федорович","",67,0,1,66,0,0,0
"120","ОПЗЖ","Олександр Качний","Сталіноленович","",59,0,0,59,0,0,0
"121","ОПЗЖ","Ілля Кива","Володимирович","",456,10,0,446,0,0,0
"122","ОПЗЖ","Ігор Кісільов","Петрович","",2,0,0,2,0,0,0
"123","ОПЗЖ","Тарас Козак","Романович","",88,19,10,59,0,0,0
"124","ОПЗЖ","Олександр Колтунович","Сергійович","",637,13,5,618,1,0,0
"125","ОПЗЖ","Наталія Королевська","Юріївна","",759,39,9,710,1,0,0
"126","ОПЗЖ","Олександр Лукашев","Анатолійович","Луганська область",96,4,8,83,1,0,0
"127","ОПЗЖ","Григорій Мамка","Миколайович","",569,130,69,333,36,0,1
"128","ОПЗЖ","Суто Мамоян","Чолоєвич","",9,9,0,0,0,0,0
"129","ОПЗЖ","Віктор Медведчук","Володимирович","",14,7,0,7,0,0,0
"130","ОПЗЖ","Володимир Мороз","Вікторович","Донецька область",78,0,0,78,0,0,0
"131","ОПЗЖ","Василь Німченко","Іванович","",127,4,4,119,0,0,0
"132","ОПЗЖ","Юрій Павленко","Олексійович","",115,2,4,107,2,0,0
"133","ОПЗЖ","Михайло Папієв","Миколайович","",182,7,4,171,0,0,0
"134","ОПЗЖ","Тетяна Плачкова","Михайлівна","",372,7,9,348,7,0,1
"135","ОПЗЖ","Олександр Пономарьов","Сергійович","Запорізька область",118,0,1,117,0,0,0
"136","ОПЗЖ","Наталія Приходько","Ігорівна","",18,3,0,15,0,0,0
"137","ОПЗЖ","Олександр Пузанов","Геннадійович","",149,16,10,118,5,0,0
"138","ОПЗЖ","Микола Скорик","Леонідович","",64,1,0,62,1,0,0
"139","ОПЗЖ","Антоніна Славицька","Керимівна","",63,27,4,30,2,0,0
"140","ОПЗЖ","Юрій Солод","Васильович","Донецька область",306,39,8,258,1,0,0
"141","ОПЗЖ","Вадим Столар","Михайлович","",35,1,2,32,0,0,0
"142","ОПЗЖ","Григорій Суркіс","Михайлович","",6,6,0,0,0,0,0
"143","ОПЗЖ","Олександр Фельдман","Борисович","Харківська область",41,15,16,2,8,0,0
"144","ОПЗЖ","Федір Христенко","Володимирович","Донецька область",39,0,0,39,0,0,0
"145","ОПЗЖ","Віктор Чорний","Іванович","",127,0,2,125,0,0,0
"146","ОПЗЖ","Нестор Шуфрич","Іванович","",538,4,2,532,0,0,0
"147","Позафракційні","Святослав Вакарчук","Іванович","",160,26,12,99,23,0,0
"148","Позафракційні","Вікторія Гриб","Олександрівна","Луганська область",358,56,19,279,3,0,1
"149","Позафракційні","Олесь Довгий","Станіславович","Кіровоградська область",45,38,5,1,1,0,0
"150","Позафракційні","Роман Іванісов","Валерійович","Рівненська область",99,7,4,82,6,0,0
"151","Позафракційні","Олена Кондратюк","Костянтинівна","",32,14,2,14,0,0,2
"152","Позафракційні","Гео Лерос","Багратович","",6,6,0,0,0,0,0
"153","Позафракційні","Сергій Магера","Васильович","Донецька область",120,18,8,94,0,0,0
"154","Позафракційні","Муса Магомедов","Сергоєвич","Донецька область",87,28,6,53,0,0,0
"155","Позафракційні","Вадим Новинський","Владиславович","Донецька область",6,0,0,6,0,0,0
"156","Позафракційні","Оксана Савчук","Василівна","Івано-Франківська область",78,4,8,63,1,0,2
"157","Позафракційні","Руслан Стефанчук","Олексійович","",262,138,43,75,6,0,0
"158","Позафракційні","Руслан Требушкін","Валерійович","Донецька область",120,26,2,92,0,0,0
"159","Позафракційні","Дмитро Шенцев","Олексійович","Харківська область",14,0,1,13,0,0,0
"160","Позафракційні","Дмитро Шпенов","Юрійович","Дніпропетровська область",317,39,25,243,10,0,0
"161","Позафракційні","Олександр Юрченко","Миколайович","м. Київ",151,26,17,106,2,0,0
"162","Слуга Народу","Олександр Аліксійчук","Васильович","Рівненська область",97,4,11,80,2,0,0
"163","Слуга Народу","Ірина Аллахвердієва","Валеріївна","",87,6,4,75,2,0,0
"164","Слуга Народу","Михайло Ананченко","Олегович","",22,3,5,14,0,0,0
"165","Слуга Народу","Зіновій Андрійович","Мирославович","Івано-Франківська область",126,3,8,113,2,0,0
"166","Слуга Народу","Давид Арахамія","Георгійович","",29,27,0,1,1,0,0
"167","Слуга Народу","Юрій Арістов","Юрійович","",2,2,0,0,0,0,0
"168","Слуга Народу","Олег Арсенюк","Олексійович","Черкаська область",109,18,30,61,0,0,0
"169","Слуга Народу","Сергій Бабак","Віталійович","",284,165,20,41,58,0,0
"170","Слуга Народу","Роман Бабій","Вячеславович","",107,32,18,55,2,0,0
"171","Слуга Народу","Олександр Бакумов","Сергійович","Харківська область",249,137,14,92,6,0,0
"172","Слуга Народу","Марина Бардіна","Олегівна","",58,17,19,22,0,0,0
"173","Слуга Народу","Віталій Безгін","Юрійович","",135,26,16,90,3,0,0
"174","Слуга Народу","Мар'яна Безугла","Володимирівна","м. Київ",863,786,35,22,20,0,0
"175","Слуга Народу","Жан Беленюк","Венсанович","",29,9,1,19,0,0,0
"176","Слуга Народу","Максим Березін","Юрійович","Полтавська область",222,205,4,2,10,0,1
"177","Слуга Народу","Андрій Боблях","Ростиславович","Полтавська область",13,2,8,3,0,0,0
"178","Слуга Народу","Андрій Богданець","Володимирович","Тернопільська область",127,14,5,106,2,0,0
"179","Слуга Народу","Єлізавета Богуцька","Петрівна","",78,2,3,71,2,0,0
"180","Слуга Народу","Валерій Божик","Іванович","Чернівецька область",12,2,7,3,0,0,0
"181","Слуга Народу","Ганна Бондар","Вячеславівна","м. Київ",178,53,31,63,30,0,1
"182","Слуга Народу","Олег Бондаренко","Володимирович","",241,174,17,43,7,0,0
"183","Слуга Народу","Ірина Борзова","Наумівна","Вінницька область",24,23,0,1,0,0,0
"184","Слуга Народу","Владислав Бородін","Валерійович","Дніпропетровська область",92,90,0,2,0,0,0
"185","Слуга Народу","Євгеній Брагар","Вадимович","",11,3,0,8,0,0,0
"186","Слуга Народу","Максим Бужанський","Аркадійович","Дніпропетровська область",36,3,0,32,1,0,0
"187","Слуга Народу","Людмила Буймістер","Анатоліївна","м. Київ",69,13,4,49,3,0,0
"188","Слуга Народу","Лада Булах","Валентинівна","",4,2,2,0,0,0,0
"189","Слуга Народу","Сергій Бунін","Валерійович","Київська область",117,10,6,98,3,0,0
"190","Слуга Народу","Вікторія Вагнєр","Олександрівна","Херсонська область",2,2,0,0,0,0,0
"191","Слуга Народу","Ольга Василевська-Смаглюк","Михайлівна","Київська область",386,253,32,77,19,0,5
"192","Слуга Народу","Ігор Василів","Володимирович","Тернопільська область",2,0,1,1,0,0,0
"193","Слуга Народу","Ігор Васильєв","Сергійович","Сумська область",13,0,3,10,0,0,0
"194","Слуга Народу","Володимир Ватрас","Антонович","",7,6,0,1,0,0,0
"195","Слуга Народу","Федір Веніславський","Володимирович","",270,216,15,29,10,0,0
"196","Слуга Народу","Ірина Верещук","Андріївна","",103,47,11,31,14,0,0
"197","Слуга Народу","Олена Вінтоняк","Василівна","",77,2,2,71,2,0,0
"198","Слуга Народу","Дар'я Володіна","Артемівна","",109,48,16,41,0,0,4
"199","Слуга Народу","Володимир Воронов","Анатолійович","",138,87,10,6,35,0,0
"200","Слуга Народу","Олег Воронько","Євгенійович","Кіровоградська область",82,32,6,43,1,0,0
"201","Слуга Народу","Олександр Гайду","Васильович","Миколаївська область",48,5,4,38,1,0,0
"202","Слуга Народу","Вадим Галайчук","Сергійович","",86,28,7,47,4,0,0
"203","Слуга Народу","Микола Галушко","Леонідович","Київська область",22,11,8,3,0,0,0
"204","Слуга Народу","Володимир Гевко","Леонідович","Тернопільська область",15,3,8,4,0,0,0
"205","Слуга Народу","Ігор Герасименко","Леонідович","Житомирська область",42,40,0,0,2,0,0
"206","Слуга Народу","Денис Герман","Вадимович","Дніпропетровська область",3,2,0,1,0,0,0
"207","Слуга Народу","Андрій Герус","Михайлович","",58,25,2,25,6,0,0
"208","Слуга Народу","Данило Гетманцев","Олександрович","",749,557,62,113,7,0,10
"209","Слуга Народу","Руслан Горбенко","Олександрович","",5,3,0,2,0,0,0
"210","Слуга Народу","Олександр Горенюк","Олександрович","Одеська область",24,5,2,15,2,0,0
"211","Слуга Народу","Олександр Горобець","Сергійович","Київська область",85,32,6,45,2,0,0
"212","Слуга Народу","Сергій Гривко","Дмитрович","",37,3,5,29,0,0,0
"213","Слуга Народу","Оксана Гринчук","Анатоліївна","",11,1,0,10,0,0,0
"214","Слуга Народу","Юлія Гришина","Миколаївна","",191,98,14,29,50,0,0
"215","Слуга Народу","Тетяна Грищенко","Миколаївна","Житомирська область",19,3,8,8,0,0,0
"216","Слуга Народу","Роман Грищук","Павлович","м. Київ",228,123,24,28,53,0,0
"217","Слуга Народу","Максим Гузенко","Васильович","Сумська область",37,1,4,30,2,0,0
"218","Слуга Народу","Дмитро Гурін","Олександрович","м. Київ",188,115,40,27,6,0,0
"219","Слуга Народу","Олександр Дануца","Анатолійович","Кіровоградська область",95,93,0,2,0,0,0
"220","Слуга Народу","Сергій Демченко","Олексійович","Дніпропетровська область",221,102,25,84,10,0,0
"221","Слуга Народу","Максим Дирдін","Євгенович","Миколаївська область",166,41,21,97,7,0,0
"222","Слуга Народу","Юлія Діденко","Олександрівна","",435,195,28,206,2,0,4
"223","Слуга Народу","Оксана Дмитрієва","Олександрівна","",79,56,6,16,1,0,0
"224","Слуга Народу","Артем Дмитрук","Геннадійович","Одеська область",1,1,0,0,0,0,0
"225","Слуга Народу","Анатолій Драбовський","Григорович","Вінницька область",8,1,0,7,0,0,0
"226","Слуга Народу","Олександр Дубінський","Анатолійович","Київська область",171,59,13,93,6,0,0
"227","Слуга Народу","Артем Дубнов","Васильович","м. Київ",225,67,41,114,3,0,0
"228","Слуга Народу","Олег Дунда","Андрійович","Київська область",112,40,9,55,8,0,0
"229","Слуга Народу","Олексій Жмеренецький","Сергійович","Хмельницька область",44,19,6,15,4,0,0
"230","Слуга Народу","Андрій Жупанин","Вікторович","",119,55,21,40,3,0,0
"231","Слуга Народу","Мар'ян Заблоцький","Богданович","",1285,395,105,775,6,0,4
"232","Слуга Народу","Леся Забуранна","Валентинівна","м. Київ",82,59,9,14,0,0,0
"233","Слуга Народу","Олександр Завітневич","Михайлович","",602,557,18,16,11,0,0
"234","Слуга Народу","Аліна Загоруйко","Леонідівна","",53,10,9,32,2,0,0
"235","Слуга Народу","Микола Задорожній","Миколайович","Сумська область",43,39,0,4,0,0,0
"236","Слуга Народу","Максим Заремський","Валентинович","Чернівецька область",58,41,8,9,0,0,0
"237","Слуга Народу","Юрій Заславський","Іванович","",6,2,0,4,0,0,0
"238","Слуга Народу","Володимир Захарченко","Васильович","Дніпропетровська область",37,35,1,1,0,0,0
"239","Слуга Народу","Юрій Здебський","Вікторович","Харківська область",483,449,14,15,5,0,0
"240","Слуга Народу","Валерій Зуб","Олексійович","Чернігівська область",13,2,1,10,0,0,0
"241","Слуга Народу","Володимир Іванов","Ілліч","Херсонська область",1,1,0,0,0,0,0
"242","Слуга Народу","Сергій Іонушас","Костянтинович","",120,48,19,50,3,0,0
"243","Слуга Народу","Іван Калаур","Романович","",1,0,0,1,0,0,0
"244","Слуга Народу","Сергій Кальченко","Віталійович","",20,3,1,16,0,0,0
"245","Слуга Народу","Юрій Камельчук","Олександрович","Львівська область",16,2,8,6,0,0,0
"246","Слуга Народу","Роман Каптєлов","Володимирович","Дніпропетровська область",5,1,2,2,0,0,0
"247","Слуга Народу","Геннадій Касай","Олександрович","Запорізька область",25,6,1,16,2,0,0
"248","Слуга Народу","Олександр Качура","Анатолійович","",96,20,22,54,0,0,0
"249","Слуга Народу","Микола Кириченко","Олександрович","",54,4,9,40,1,0,0
"250","Слуга Народу","Дмитро Кисилевський","Давидович","Дніпропетровська область",114,58,14,39,3,0,0
"251","Слуга Народу","Богдан Кицак","Вікторович","Житомирська область",1,1,0,0,0,0,0
"252","Слуга Народу","Вікторія Кінзбурська","Олександрівна","Харківська область",101,27,10,64,0,0,0
"253","Слуга Народу","Андрій Клочко","Андрійович","",176,34,30,104,8,0,0
"254","Слуга Народу","Ольга Коваль","Володимирівна","",232,82,39,100,11,0,0
"255","Слуга Народу","Олексій Ковальов","Іванович","Херсонська область",83,14,11,57,1,0,0
"256","Слуга Народу","Олександр Ковальчук","Володимирович","Рівненська область",153,90,4,50,5,0,4
"257","Слуга Народу","Володимир Козак","Васильович","",2,0,0,2,0,0,0
"258","Слуга Народу","Сергій Колебошин","Валерійович","Одеська область",231,152,13,13,52,0,1
"259","Слуга Народу","Олег Колєв","Вікторович","Одеська область",1,1,0,0,0,0,0
"260","Слуга Народу","Анна Колісник","Сергіївна","",92,56,6,23,3,0,4
"261","Слуга Народу","Валерій Колюх","Вікторович","Київська область",173,36,25,110,2,0,0
"262","Слуга Народу","Олена Копанчук","Євгенівна","Хмельницька область",19,1,3,15,0,0,0
"263","Слуга Народу","Ігор Копитін","Володимирович","Миколаївська область",692,634,23,24,11,0,0
"264","Слуга Народу","Олександр Корнієнко","Сергійович","",239,168,17,16,38,0,0
"265","Слуга Народу","Юрій Корявченков","Валерійович","Дніпропетровська область",3,0,1,2,0,0,0
"266","Слуга Народу","Андрій Костін","Євгенович","",29,13,7,8,1,0,0
"267","Слуга Народу","Дмитро Костюк","Сергійович","Житомирська область",27,5,1,21,0,0,0
"268","Слуга Народу","Анатолій Костюх","Вячеславович","",23,23,0,0,0,0,0
"269","Слуга Народу","Євгенія Кравчук","Михайлівна","",27,12,9,6,0,0,0
"270","Слуга Народу","Олексій Красов","Ігорович","Харківська область",21,1,2,17,1,0,0
"271","Слуга Народу","Володимир Крейденко","Вікторович","",2,2,0,0,0,0,0
"272","Слуга Народу","Ігор Кривошеєв","Сергійович","",38,11,3,24,0,0,0
"273","Слуга Народу","Михайло Крячко","Валерійович","",107,95,1,5,6,0,0
"274","Слуга Народу","Юрій Кузбит","Михайлович","Кіровоградська область",46,41,1,4,0,0,0
"275","Слуга Народу","Олексій Кузнєцов","Олександрович","Луганська область",21,7,0,14,0,0,0
"276","Слуга Народу","Сергій Кузьміних","Володимирович","Житомирська область",111,32,3,73,3,0,0
"277","Слуга Народу","Артем Культенко","Валерійович","",4,4,0,0,0,0,0
"278","Слуга Народу","Артем Кунаєв","Юрійович","",51,7,8,34,2,0,0
"279","Слуга Народу","Олександр Куницький","Олегович","Харківська область",1,1,0,0,0,0,0
"280","Слуга Народу","Михайло Лаба","Михайлович","Закарпатська область",18,1,0,17,0,0,0
"281","Слуга Народу","Олексій Леонов","Олександрович","Одеська область",51,35,0,9,3,0,4
"282","Слуга Народу","Олена Лис","Георгіївна","Чернівецька область",97,64,9,17,6,0,1
"283","Слуга Народу","Сергій Литвиненко","Анатолійович","Рівненська область",128,5,9,111,3,0,0
"284","Слуга Народу","Олександр Літвінов","Миколайович","Харківська область",11,5,1,5,0,0,0
"285","Слуга Народу","Ганна Лічман","Василівна","Дніпропетровська область",13,2,5,6,0,0,0
"286","Слуга Народу","Дмитро Любота","Валерійович","Харківська область",25,6,2,17,0,0,0
"287","Слуга Народу","Анастасія Ляшенко","Олексіївна","Полтавська область",259,68,11,175,1,0,4
"288","Слуга Народу","Георгій Мазурашу","Георгійович","Чернівецька область",10,0,0,10,0,0,0
"289","Слуга Народу","Олександр Маріковський","Валерійович","",135,52,28,54,1,0,0
"290","Слуга Народу","Олег Марусяк","Романович","",1003,547,89,362,5,0,0
"291","Слуга Народу","Людмила Марченко","Іванівна","",16,1,1,14,0,0,0
"292","Слуга Народу","Ігор Марчук","Петрович","Хмельницька область",4,2,0,1,1,0,0
"293","Слуга Народу","Олександр Матусевич","Борисович","Івано-Франківська область",79,7,4,64,4,0,0
"294","Слуга Народу","В'ячеслав Медяник","Анатолійович","Дніпропетровська область",62,27,9,25,1,0,0
"295","Слуга Народу","Марія Мезенцева","Сергіївна","Харківська область",97,2,2,91,2,0,0
"296","Слуга Народу","Павло Мельник","Вікторович","Запорізька область",4,2,0,1,1,0,0
"297","Слуга Народу","Олександр Мережко","Олександрович","",1,1,0,0,0,0,0
"298","Слуга Народу","Дмитро Микиша","Сергійович","Харківська область",1,0,0,1,0,0,0
"299","Слуга Народу","Юрій Мисягін","Михайлович","Дніпропетровська область",30,27,1,1,1,0,0
"300","Слуга Народу","Галина Михайлюк","Олегівна","",133,100,3,28,2,0,0
"301","Слуга Народу","Олексій Мовчан","Васильович","Полтавська область",97,51,0,45,1,0,0
"302","Слуга Народу","Василь Мокан","Іванович","",23,23,0,0,0,0,0
"303","Слуга Народу","Денис Монастирський","Анатолійович","",270,201,21,29,19,0,0
"304","Слуга Народу","Андрій Мотовиловець","Вікторович","",6,3,0,1,2,0,0
"305","Слуга Народу","Олена Мошенець","Володимирівна","",92,29,12,46,5,0,0
"306","Слуга Народу","Роман Мулик","Миронович","",77,2,2,71,2,0,0
"307","Слуга Народу","Ігор Мурдій","Юрійович","Кіровоградська область",5,0,0,4,1,0,0
"308","Слуга Народу","Артем Нагаєвський","Сергійович","",214,71,11,124,8,0,0
"309","Слуга Народу","Сергій Нагорняк","Володимирович","Черкаська область",1,0,0,1,0,0,0
"310","Слуга Народу","Дмитро Наталуха","Андрійович","",308,178,25,95,10,0,0
"311","Слуга Народу","Ігор Негулевський","Петрович","Миколаївська область",79,2,2,73,2,0,0
"312","Слуга Народу","Владлен Неклюдов","Михайлович","",208,140,5,57,6,0,0
"313","Слуга Народу","Марина Нікітіна","Вікторівна","Запорізька область",55,16,5,33,1,0,0
"314","Слуга Народу","Михайло Новіков","Миколайович","",12,4,7,1,0,0,0
"315","Слуга Народу","Юлія Овчинникова","Юріївна","",69,26,15,25,3,0,0
"316","Слуга Народу","Андрій Одарченко","Миколайович","Харківська область",88,4,4,77,3,0,0
"317","Слуга Народу","Анатолій Остапенко","Дмитрович","",28,12,1,15,0,0,0
"318","Слуга Народу","Павло Павліш","Васильович","Херсонська область",4,0,0,4,0,0,0
"319","Слуга Народу","Петро Павловський","Іванович","",15,2,1,12,0,0,0
"320","Слуга Народу","Максим Павлюк","Васильович","",366,180,25,155,6,0,0
"321","Слуга Народу","Олександр Пасічний","Станіславович","Миколаївська область",48,21,3,15,9,0,0
"322","Слуга Народу","Максим Пашковський","Ігорович","Вінницька область",25,6,13,6,0,0,0
"323","Слуга Народу","Максим Перебийніс","Вікторович","м. Київ",62,37,14,10,1,0,0
"324","Слуга Народу","Євген Петруняк","Васильович","",40,34,0,2,0,0,4
"325","Слуга Народу","Євген Пивоваров","Павлович","Харківська область",32,13,8,11,0,0,0
"326","Слуга Народу","Роксолана Підласа","Андріївна","",470,404,23,31,12,0,0
"327","Слуга Народу","Вікторія Подгорна","Валентинівна","",17,7,2,8,0,0,0
"328","Слуга Народу","Микита Потураєв","Русланович","",13,11,0,1,1,0,0
"329","Слуга Народу","Дмитро Припутень","Сергійович","",18,2,4,10,2,0,0
"330","Слуга Народу","Едуард Прощук","Петрович","Івано-Франківська область",54,13,18,22,1,0,0
"331","Слуга Народу","Анна Пуртова","Анатоліївна","м. Київ",70,42,0,28,0,0,0
"332","Слуга Народу","Арсеній Пушкаренко","Михайлович","",52,12,11,29,0,0,0
"333","Слуга Народу","Анастасія Радіна","Олегівна","",285,223,20,30,12,0,0
"334","Слуга Народу","Михайло Радуцький","Борисович","",86,74,5,3,4,0,0
"335","Слуга Народу","Елла Рєпіна","Анатоліївна","",79,67,1,3,4,0,4
"336","Слуга Народу","Вячеслав Рубльов","Володимирович","Волинська область",35,0,3,31,1,0,0
"337","Слуга Народу","Тетяна Рябуха","Василівна","Сумська область",18,12,3,3,0,0,0
"338","Слуга Народу","Ольга Савченко","Станіславівна","",87,2,2,80,2,0,1
"339","Слуга Народу","Орест Саламаха","Ігорович","Львівська область",4,3,0,1,0,0,0
"340","Слуга Народу","Олександр Салійчук","В'ячеславович","",127,3,5,116,3,0,0
"341","Слуга Народу","Сергій Северин","Сергійович","Дніпропетровська область",1,1,0,0,0,0,0
"342","Слуга Народу","Олександр Скічко","Олександрович","Черкаська область",1,0,0,1,0,0,0
"343","Слуга Народу","Олександр Сова","Георгійович","",84,67,2,9,2,0,4
"344","Слуга Народу","Дмитро Соломчук","Вікторович","",79,3,2,72,2,0,0
"345","Слуга Народу","Микола Сольський","Тарасович","",103,63,3,21,15,0,1
"346","Слуга Народу","Роман Соха","Васильович","Запорізька область",42,36,0,1,5,0,0
"347","Слуга Народу","Валерій Стернійчук","Олександрович","",52,24,2,22,4,0,0
"348","Слуга Народу","Микола Стефанчук","Олексійович","Хмельницька область",7,3,0,3,1,0,0
"349","Слуга Народу","Андрій Стріхарський","Петрович","Черкаська область",82,3,2,73,4,0,0
"350","Слуга Народу","Вадим Струневич","Олегович","",103,26,15,62,0,0,0
"351","Слуга Народу","Павло Сушко","Миколайович","",26,21,1,2,2,0,0
"352","Слуга Народу","Тарас Тарасенко","Петрович","",712,346,89,270,7,0,0
"353","Слуга Народу","Олег Тарасов","Сергійович","",401,195,36,143,26,0,1
"354","Слуга Народу","Володимир Тимофійчук","Ярославович","Івано-Франківська область",37,2,2,33,0,0,0
"355","Слуга Народу","Микола Тищенко","Миколайович","м. Київ",19,1,3,12,3,0,0
"356","Слуга Народу","Ростислав Тістик","Ярославович","",2,1,0,1,0,0,0
"357","Слуга Народу","Максим Ткаченко","Миколайович","",5,3,0,2,0,0,0
"358","Слуга Народу","Олександр Ткаченко","Михайлович","Одеська область",55,26,1,24,4,0,0
"359","Слуга Народу","Богдан Торохтій","Григорович","",7,0,1,6,0,0,0
"360","Слуга Народу","Галина Третьякова","Миколаївна","",20,17,0,3,0,0,0
"361","Слуга Народу","Олександр Трухін","Миколайович","Дніпропетровська область",19,14,0,5,0,0,0
"362","Слуга Народу","Олексій Устенко","Олегович","",325,181,19,121,3,0,1
"363","Слуга Народу","Олександр Федієнко","Павлович","",66,39,1,20,6,0,0
"364","Слуга Народу","Ігор Фріс","Павлович","Івано-Франківська область",355,99,17,225,14,0,0
"365","Слуга Народу","Павло Фролов","Валерійович","",742,439,109,183,11,0,0
"366","Слуга Народу","Павло Халімон","Віталійович","",220,63,15,139,3,0,0
"367","Слуга Народу","Андрій Холодов","Іванович","",453,138,53,259,3,0,0
"368","Слуга Народу","Олена Хоменко","Вікторівна","",16,6,1,9,0,0,0
"369","Слуга Народу","Тетяна Циба","Вікторівна","",11,0,1,9,1,0,0
"370","Слуга Народу","Єгор Чернєв","Володимирович","",29,13,9,6,1,0,0
"371","Слуга Народу","Степан Чернявський","Миколайович","Одеська область",121,73,11,30,7,0,0
"372","Слуга Народу","Дмитро Чорний","Сергійович","Дніпропетровська область",55,28,9,17,1,0,0
"373","Слуга Народу","Артем Чорноморов","Олегович","Миколаївська область",78,24,6,44,4,0,0
"374","Слуга Народу","Сергій Швець","Федорович","м. Київ",60,12,8,40,0,0,0
"375","Слуга Народу","Євгеній Шевченко","Володимирович","Запорізька область",95,6,2,84,3,0,0
"376","Слуга Народу","Іван Шинкаренко","Анатолійович","",63,20,3,35,5,0,0
"377","Слуга Народу","Остап Шипайло","Ігорович","",4,2,1,0,1,0,0
"378","Слуга Народу","Маргарита Шол","Віталіївна","",51,9,6,36,0,0,0
"379","Слуга Народу","Любов Шпак","Олександрівна","Черкаська область",1,1,0,0,0,0,0
"380","Слуга Народу","Сергій Штепа","Сергійович","Запорізька область",13,4,0,9,0,0,0
"381","Слуга Народу","Олена Шуляк","Олексіївна","",178,119,3,27,29,0,0
"382","Слуга Народу","Святослав Юраш","Андрійович","",12,0,0,11,0,0,1
"383","Слуга Народу","Павло Якименко","Віталійович","",118,101,5,12,0,0,0
"384","Слуга Народу","Неллі Яковлєва","Іллівна","",2,2,0,0,0,0,0
"385","Слуга Народу","Галина Янченко","Ігорівна","",13,3,3,1,6,0,0
"386","Слуга Народу","Юлія Яцик","Григорівна","Запорізька область",185,36,6,138,5,0,0
